{
    "professionCategories": [
        {
            "id": 1,
            "parent_id": null,
            "label": "agricoltura",
            "description": null,
            "sector": "P",
            "extended_label": "agricoltura"
        },
        {
            "id": 2,
            "parent_id": null,
            "label": "allevamento",
            "description": null,
            "sector": "P",
            "extended_label": "allevamento"
        },
        {
            "id": 3,
            "parent_id": null,
            "label": "altri mestieri",
            "description": null,
            "sector": "S, S/T, T",
            "extended_label": "altri mestieri"
        },
        {
            "id": 4,
            "parent_id": null,
            "label": "attività militari",
            "description": null,
            "sector": "T",
            "extended_label": "attività militari"
        },
        {
            "id": 5,
            "parent_id": null,
            "label": "caccia",
            "description": null,
            "sector": "P",
            "extended_label": "caccia"
        },
        {
            "id": 6,
            "parent_id": null,
            "label": "commercio all'ingrosso e al minuto",
            "description": null,
            "sector": "S/T, T",
            "extended_label": "commercio all'ingrosso e al minuto"
        },
        {
            "id": 7,
            "parent_id": null,
            "label": "costruzione e manutenzione di mezzi di trasporto",
            "description": "costruzione e manutenzione di mezzi di trasporto via terra e via mare, comprese le imbarcazioni prodotte nell'Arsenale",
            "sector": "S, S/T",
            "extended_label": "costruzione e manutenzione di mezzi di trasporto via terra e via mare, comprese le imbarcazioni prodotte nell'Arsenale"
        },
        {
            "id": 8,
            "parent_id": null,
            "label": "edilizia pubblica e privata",
            "description": null,
            "sector": "S, S/T, T",
            "extended_label": "edilizia pubblica e privata"
        },
        {
            "id": 9,
            "parent_id": null,
            "label": "editoria e stampa",
            "description": null,
            "sector": "S, S/T, T",
            "extended_label": "editoria e stampa"
        },
        {
            "id": 10,
            "parent_id": null,
            "label": "fabbr. di armi e armature",
            "description": "fabbricazione di armi e armature",
            "sector": "S, S/T",
            "extended_label": "fabbricazione di armi e armature"
        },
        {
            "id": 11,
            "parent_id": null,
            "label": "fabbr. di calamai",
            "description": "fabbricazione di calamai",
            "sector": "S/T",
            "extended_label": "fabbricazione di calamai"
        },
        {
            "id": 12,
            "parent_id": null,
            "label": "fabbr. di corone e simili",
            "description": "fabbricazione di corone e simili",
            "sector": "S/T",
            "extended_label": "fabbricazione di corone e simili"
        },
        {
            "id": 13,
            "parent_id": null,
            "label": "fabbr. di maschere",
            "description": "fabbricazione di maschere",
            "sector": "S/T",
            "extended_label": "fabbricazione di maschere"
        },
        {
            "id": 14,
            "parent_id": null,
            "label": "fabbr. di orologi e clessidre",
            "description": "fabbricazione di orologi e clessidre",
            "sector": "S/T",
            "extended_label": "fabbricazione di orologi e clessidre"
        },
        {
            "id": 15,
            "parent_id": null,
            "label": "fabbr. di pettini",
            "description": "fabbricazione di pettini",
            "sector": "S, S/T",
            "extended_label": "fabbricazione di pettini"
        },
        {
            "id": 16,
            "parent_id": null,
            "label": "fabbr. di pomoli da specchi",
            "description": "fabbricazione di pomoli da specchi",
            "sector": "S/T",
            "extended_label": "fabbricazione di pomoli da specchi"
        },
        {
            "id": 17,
            "parent_id": null,
            "label": "fabbr. di sigilli",
            "description": "fabbricazione di sigilli",
            "sector": "S/T",
            "extended_label": "fabbricazione di sigilli"
        },
        {
            "id": 18,
            "parent_id": null,
            "label": "fabbr. di strumenti musicali",
            "description": "fabbricazione di strumenti musicali",
            "sector": "S/T",
            "extended_label": "fabbricazione di strumenti musicali"
        },
        {
            "id": 19,
            "parent_id": null,
            "label": "fabbr. di strumenti per la lav. dei cereali",
            "description": "fabbricazione di strumenti per la lavorazione dei cereali",
            "sector": "S",
            "extended_label": "fabbricazione di strumenti per la lavorazione dei cereali"
        },
        {
            "id": 20,
            "parent_id": null,
            "label": "fabbr. di strumenti per la navigazione",
            "description": "fabbricazione di strumenti per la navigazione",
            "sector": "S/T",
            "extended_label": "fabbricazione di strumenti per la navigazione"
        },
        {
            "id": 21,
            "parent_id": null,
            "label": "fabbr. di strumenti per la pesca",
            "description": "fabbricazione di strumenti per la pesca",
            "sector": "S/T",
            "extended_label": "fabbricazione di strumenti per la pesca"
        },
        {
            "id": 22,
            "parent_id": null,
            "label": "fabbr. di strumenti per la sartoria",
            "description": "fabbricazione di strumenti per la sartoria",
            "sector": "S/T",
            "extended_label": "fabbricazione di strumenti per la sartoria"
        },
        {
            "id": 23,
            "parent_id": null,
            "label": "fabbr. di strumenti per la tessitura",
            "description": "fabbricazione di strumenti per la tessitura",
            "sector": "S",
            "extended_label": "fabbricazione di strumenti per la tessitura"
        },
        {
            "id": 24,
            "parent_id": null,
            "label": "fabbr. e lav. della carta",
            "description": "fabbricazione e lavorazione della carta",
            "sector": "S, S/T",
            "extended_label": "fabbricazione e lavorazione della carta"
        },
        {
            "id": 25,
            "parent_id": null,
            "label": "fabbr. e lav. di oggetti in vetro",
            "description": "fabbricazione e lavorazione di oggetti in vetro",
            "sector": "S/T",
            "extended_label": "fabbricazione e lavorazione di oggetti in vetro"
        },
        {
            "id": 26,
            "parent_id": null,
            "label": "falegnameria",
            "description": null,
            "sector": "S, S/T",
            "extended_label": "falegnameria"
        },
        {
            "id": 27,
            "parent_id": null,
            "label": "farmacia e spezieria",
            "description": null,
            "sector": "S, S/T",
            "extended_label": "farmacia e spezieria"
        },
        {
            "id": 28,
            "parent_id": null,
            "label": "intaglio, cesellatura, molatura e tornitura",
            "description": null,
            "sector": "S, S/T",
            "extended_label": "intaglio, cesellatura, molatura e tornitura"
        },
        {
            "id": 29,
            "parent_id": null,
            "label": "istruzione",
            "description": null,
            "sector": "T",
            "extended_label": "istruzione"
        },
        {
            "id": 30,
            "parent_id": null,
            "label": "lav. di cereali",
            "description": "lavorazione di cereali",
            "sector": "S",
            "extended_label": "lavorazione di cereali"
        },
        {
            "id": 31,
            "parent_id": null,
            "label": "lav. di legumi",
            "description": "lavorazione di legumi",
            "sector": "S",
            "extended_label": "lavorazione di legumi"
        },
        {
            "id": 32,
            "parent_id": null,
            "label": "lav. di metalli comuni",
            "description": "lavorazione di metalli comuni",
            "sector": "S, S/T, T",
            "extended_label": "lavorazione di metalli comuni"
        },
        {
            "id": 33,
            "parent_id": null,
            "label": "lav. di noce di galla",
            "description": "lavorazione di noce di galla",
            "sector": "S",
            "extended_label": "lavorazione di noce di galla"
        },
        {
            "id": 34,
            "parent_id": null,
            "label": "lav. di pelli e cuoio",
            "description": "lavorazione di pelli e cuoio",
            "sector": "S, S/T",
            "extended_label": "lavorazione di pelli e cuoio"
        },
        {
            "id": 35,
            "parent_id": null,
            "label": "lav. di pietre e metalli preziosi e bigiotteria",
            "description": "lavorazione di pietre e metalli preziosi e bigiotteria",
            "sector": "S, S/T",
            "extended_label": "lavorazione di pietre e metalli preziosi e bigiotteria"
        },
        {
            "id": 36,
            "parent_id": null,
            "label": "monetazione e altri lavori in Zecca",
            "description": null,
            "sector": "S",
            "extended_label": "monetazione e altri lavori in Zecca"
        },
        {
            "id": 37,
            "parent_id": null,
            "label": "mosaico",
            "description": null,
            "sector": "S",
            "extended_label": "mosaico"
        },
        {
            "id": 38,
            "parent_id": null,
            "label": "ospitalità, ristorazione e vendita di bevande",
            "description": "ospitalità, ristorazione e vendita di bevande alcoliche",
            "sector": "T",
            "extended_label": "ospitalità, ristorazione e vendita di bevande alcoliche"
        },
        {
            "id": 39,
            "parent_id": null,
            "label": "pesca",
            "description": null,
            "sector": "P",
            "extended_label": "pesca"
        },
        {
            "id": 40,
            "parent_id": null,
            "label": "pittura, miniatura e disegno",
            "description": null,
            "sector": "S, S/T",
            "extended_label": "pittura, miniatura e disegno"
        },
        {
            "id": 41,
            "parent_id": null,
            "label": "prod. di botti, mastelli e bacili",
            "description": "produzione di botti, mastelli e bacili",
            "sector": "S/T",
            "extended_label": "produzione di botti, mastelli e bacili"
        },
        {
            "id": 42,
            "parent_id": null,
            "label": "prod. di calzature",
            "description": "produzione di calzature",
            "sector": "S, S/T",
            "extended_label": "produzione di calzature"
        },
        {
            "id": 43,
            "parent_id": null,
            "label": "prod. di carbone",
            "description": "produzione di carbone",
            "sector": "S/T",
            "extended_label": "produzione di carbone"
        },
        {
            "id": 44,
            "parent_id": null,
            "label": "prod. di colori",
            "description": "produzione di colori",
            "sector": "S/T",
            "extended_label": "produzione di colori"
        },
        {
            "id": 45,
            "parent_id": null,
            "label": "prod. di oggetti in vimini",
            "description": "produzione di contenitori e altri oggetti in vimini e simili",
            "sector": "S/T",
            "extended_label": "produzione di contenitori e altri oggetti in vimini e simili"
        },
        {
            "id": 46,
            "parent_id": null,
            "label": "prod. di corde",
            "description": "produzione di corde",
            "sector": "S/T",
            "extended_label": "produzione di corde"
        },
        {
            "id": 47,
            "parent_id": null,
            "label": "prod. di palline e bossoli",
            "description": "produzione di palline e bossoli",
            "sector": "S/T",
            "extended_label": "produzione di palline e bossoli"
        },
        {
            "id": 48,
            "parent_id": null,
            "label": "prod. di palloni",
            "description": "produzione di palloni",
            "sector": "S/T",
            "extended_label": "produzione di palloni"
        },
        {
            "id": 49,
            "parent_id": null,
            "label": "prod. di profumo",
            "description": "produzione di profumo",
            "sector": "S/T",
            "extended_label": "produzione di profumo"
        },
        {
            "id": 50,
            "parent_id": null,
            "label": "prod. di sapone",
            "description": "produzione di sapone",
            "sector": "S/T",
            "extended_label": "produzione di sapone"
        },
        {
            "id": 51,
            "parent_id": null,
            "label": "prod. di terracotte, ceramiche, maioliche",
            "description": "produzione di terracotte, ceramiche, maioliche",
            "sector": "S, S/T",
            "extended_label": "produzione di terracotte, ceramiche, maioliche"
        },
        {
            "id": 52,
            "parent_id": null,
            "label": "prod. di tessili per la casa e l'arredamento",
            "description": "produzione di tessili per la casa e l'arredamento",
            "sector": "S, S/T",
            "extended_label": "produzione di tessili per la casa e l'arredamento"
        },
        {
            "id": 53,
            "parent_id": null,
            "label": "prod. di vele",
            "description": "produzione di vele",
            "sector": "S/T",
            "extended_label": "produzione di vele"
        },
        {
            "id": 54,
            "parent_id": null,
            "label": "prod. e lav. di accessori per abbigliamento e arredamento",
            "description": "produzione e lavorazione di accessori per abbigliamento e arredamento",
            "sector": "S, S/T",
            "extended_label": "produzione e lavorazione di accessori per abbigliamento e arredamento"
        },
        {
            "id": 55,
            "parent_id": null,
            "label": "prod. e lav. di bevande",
            "description": "produzione e lavorazione di bevande",
            "sector": "S, S/T",
            "extended_label": "produzione e lavorazione di bevande"
        },
        {
            "id": 56,
            "parent_id": null,
            "label": "prod. e lav. di capi d'abbigliamento e accessori",
            "description": "produzione e lavorazione di capi di abbigliamento e accessori",
            "sector": "S, S/T",
            "extended_label": "produzione e lavorazione di capi di abbigliamento e accessori"
        },
        {
            "id": 57,
            "parent_id": null,
            "label": "prod. e lav. di cera e candele",
            "description": "produzione e lavorazione di cera e candele",
            "sector": "S, S/T",
            "extended_label": "produzione e lavorazione di cera e candele"
        },
        {
            "id": 58,
            "parent_id": null,
            "label": "prod. e lav. di generi alimentari",
            "description": "produzione e lavorazione di generi alimentari",
            "sector": "S, S/T",
            "extended_label": "produzione e lavorazione di generi alimentari"
        },
        {
            "id": 59,
            "parent_id": null,
            "label": "prod. e lav. di tessuti e filati",
            "description": "produzione e lavorazione di tessuti e filati",
            "sector": "S, S/T, T",
            "extended_label": "produzione e lavorazione di tessuti e filati"
        },
        {
            "id": 60,
            "parent_id": null,
            "label": "professioni della salute e cura del corpo",
            "description": null,
            "sector": "S/T, T",
            "extended_label": "professioni della salute e cura del corpo"
        },
        {
            "id": 61,
            "parent_id": null,
            "label": "professioni dello spettacolo",
            "description": null,
            "sector": "T",
            "extended_label": "professioni dello spettacolo"
        },
        {
            "id": 62,
            "parent_id": null,
            "label": "professioni legali",
            "description": null,
            "sector": "T",
            "extended_label": "professioni legali"
        },
        {
            "id": 63,
            "parent_id": null,
            "label": "pulizia e servizio domestico",
            "description": null,
            "sector": "S, T",
            "extended_label": "pulizia e servizio domestico"
        },
        {
            "id": 64,
            "parent_id": null,
            "label": "scultura",
            "description": null,
            "sector": "S/T",
            "extended_label": "scultura"
        },
        {
            "id": 65,
            "parent_id": null,
            "label": "servizi assistenziali",
            "description": null,
            "sector": "T",
            "extended_label": "servizi assistenziali"
        },
        {
            "id": 66,
            "parent_id": null,
            "label": "servizi commerciali ed amministrativi",
            "description": null,
            "sector": "T",
            "extended_label": "servizi commerciali ed amministrativi"
        },
        {
            "id": 67,
            "parent_id": null,
            "label": "servizi pubblica amministrazione, confraternite e corporazioni",
            "description": "servizi nella pubblica amministrazione, nelle confraternite e nelle corporazioni",
            "sector": "T",
            "extended_label": "servizi nella pubblica amministrazione, nelle confraternite e nelle corporazioni"
        },
        {
            "id": 68,
            "parent_id": null,
            "label": "smaltatura",
            "description": null,
            "sector": "S/T",
            "extended_label": "smaltatura"
        },
        {
            "id": 69,
            "parent_id": null,
            "label": "trasporti e comunicazioni",
            "description": null,
            "sector": "T",
            "extended_label": "trasporti e comunicazioni"
        },
        {
            "id": 70,
            "parent_id": 3,
            "label": "macinatura",
            "description": null,
            "sector": null,
            "extended_label": "altri mestieri > macinatura"
        },
        {
            "id": 71,
            "parent_id": 3,
            "label": "scorticatura",
            "description": null,
            "sector": null,
            "extended_label": "altri mestieri > scorticatura"
        },
        {
            "id": 72,
            "parent_id": 6,
            "label": "altre tipologie merceologiche",
            "description": null,
            "sector": null,
            "extended_label": "commercio all'ingrosso e al minuto > altre tipologie merceologiche"
        },
        {
            "id": 73,
            "parent_id": 6,
            "label": "bevande",
            "description": null,
            "sector": null,
            "extended_label": "commercio all'ingrosso e al minuto > bevande"
        },
        {
            "id": 74,
            "parent_id": 6,
            "label": "capi di abbigliamento e accessori",
            "description": null,
            "sector": null,
            "extended_label": "commercio all'ingrosso e al minuto > capi di abbigliamento e accessori"
        },
        {
            "id": 75,
            "parent_id": 6,
            "label": "carta e affini",
            "description": null,
            "sector": null,
            "extended_label": "commercio all'ingrosso e al minuto > carta e affini"
        },
        {
            "id": 76,
            "parent_id": 6,
            "label": "colori e affini",
            "description": null,
            "sector": null,
            "extended_label": "commercio all'ingrosso e al minuto > colori e affini"
        },
        {
            "id": 77,
            "parent_id": 6,
            "label": "contenitori e altri oggetti in vimini e simili",
            "description": null,
            "sector": null,
            "extended_label": "commercio all'ingrosso e al minuto > contenitori e altri oggetti in vimini e simili"
        },
        {
            "id": 78,
            "parent_id": 6,
            "label": "ferramenta e affini",
            "description": null,
            "sector": null,
            "extended_label": "commercio all'ingrosso e al minuto > ferramenta e affini"
        },
        {
            "id": 79,
            "parent_id": 6,
            "label": "fiori",
            "description": null,
            "sector": null,
            "extended_label": "commercio all'ingrosso e al minuto > fiori"
        },
        {
            "id": 80,
            "parent_id": 6,
            "label": "generi alimentari e altre merci",
            "description": null,
            "sector": null,
            "extended_label": "commercio all'ingrosso e al minuto > generi alimentari e altre merci"
        },
        {
            "id": 81,
            "parent_id": 6,
            "label": "legname",
            "description": null,
            "sector": null,
            "extended_label": "commercio all'ingrosso e al minuto > legname"
        },
        {
            "id": 82,
            "parent_id": 6,
            "label": "manufatti in vetro",
            "description": null,
            "sector": null,
            "extended_label": "commercio all'ingrosso e al minuto > manufatti in vetro"
        },
        {
            "id": 83,
            "parent_id": 6,
            "label": "metalli preziosi",
            "description": null,
            "sector": null,
            "extended_label": "commercio all'ingrosso e al minuto > metalli preziosi"
        },
        {
            "id": 84,
            "parent_id": 6,
            "label": "noce di galla",
            "description": null,
            "sector": null,
            "extended_label": "commercio all'ingrosso e al minuto > noce di galla"
        },
        {
            "id": 85,
            "parent_id": 6,
            "label": "pece e affini",
            "description": null,
            "sector": null,
            "extended_label": "commercio all'ingrosso e al minuto > pece e affini"
        },
        {
            "id": 86,
            "parent_id": 6,
            "label": "pelli",
            "description": null,
            "sector": null,
            "extended_label": "commercio all'ingrosso e al minuto > pelli"
        },
        {
            "id": 87,
            "parent_id": 6,
            "label": "recipienti e contenitori",
            "description": null,
            "sector": null,
            "extended_label": "commercio all'ingrosso e al minuto > recipienti e contenitori"
        },
        {
            "id": 88,
            "parent_id": 6,
            "label": "sapone",
            "description": null,
            "sector": null,
            "extended_label": "commercio all'ingrosso e al minuto > sapone"
        },
        {
            "id": 89,
            "parent_id": 6,
            "label": "spugne",
            "description": null,
            "sector": null,
            "extended_label": "commercio all'ingrosso e al minuto > spugne"
        },
        {
            "id": 90,
            "parent_id": 6,
            "label": "tabacco",
            "description": null,
            "sector": null,
            "extended_label": "commercio all'ingrosso e al minuto > tabacco"
        },
        {
            "id": 91,
            "parent_id": 6,
            "label": "tessuti e filati",
            "description": null,
            "sector": null,
            "extended_label": "commercio all'ingrosso e al minuto > tessuti e filati"
        },
        {
            "id": 92,
            "parent_id": 6,
            "label": "trasporto via acqua",
            "description": null,
            "sector": null,
            "extended_label": "commercio all'ingrosso e al minuto > trasporto via acqua"
        },
        {
            "id": 93,
            "parent_id": 7,
            "label": "mezzi di trasporto via acqua",
            "description": null,
            "sector": null,
            "extended_label": "costruzione e manutenzione di mezzi di trasporto via terra e via mare, comprese le imbarcazioni prodotte nell'Arsenale > mezzi di trasporto via acqua"
        },
        {
            "id": 94,
            "parent_id": 7,
            "label": "mezzi di trasporto via terra",
            "description": null,
            "sector": null,
            "extended_label": "costruzione e manutenzione di mezzi di trasporto via terra e via mare, comprese le imbarcazioni prodotte nell'Arsenale > mezzi di trasporto via terra"
        },
        {
            "id": 95,
            "parent_id": 8,
            "label": "altri mestieri del settore edile",
            "description": null,
            "sector": null,
            "extended_label": "edilizia pubblica e privata > altri mestieri del settore edile"
        },
        {
            "id": 96,
            "parent_id": 8,
            "label": "fornitura di materiali per l'edilizia",
            "description": null,
            "sector": null,
            "extended_label": "edilizia pubblica e privata > fornitura di materiali per l'edilizia"
        },
        {
            "id": 97,
            "parent_id": 8,
            "label": "lavorazione della pietra per l'edilizia",
            "description": null,
            "sector": null,
            "extended_label": "edilizia pubblica e privata > lavorazione della pietra per l'edilizia"
        },
        {
            "id": 98,
            "parent_id": 8,
            "label": "lavori di falegnameria per l'edilizia",
            "description": null,
            "sector": null,
            "extended_label": "edilizia pubblica e privata > lavori di falegnameria per l'edilizia"
        },
        {
            "id": 99,
            "parent_id": 8,
            "label": "lavori in muratura per l'edilizia",
            "description": null,
            "sector": null,
            "extended_label": "edilizia pubblica e privata > lavori in muratura per l'edilizia"
        },
        {
            "id": 100,
            "parent_id": 9,
            "label": "editoria",
            "description": null,
            "sector": null,
            "extended_label": "editoria e stampa > editoria"
        },
        {
            "id": 101,
            "parent_id": 9,
            "label": "rifinitura e decorazione di libri",
            "description": null,
            "sector": null,
            "extended_label": "editoria e stampa > rifinitura e decorazione di libri"
        },
        {
            "id": 102,
            "parent_id": 9,
            "label": "stampa",
            "description": null,
            "sector": null,
            "extended_label": "editoria e stampa > stampa"
        },
        {
            "id": 103,
            "parent_id": 10,
            "label": "armature",
            "description": null,
            "sector": null,
            "extended_label": "fabbricazione di armi e armature > armature"
        },
        {
            "id": 104,
            "parent_id": 10,
            "label": "armi da difesa",
            "description": null,
            "sector": null,
            "extended_label": "fabbricazione di armi e armature > armi da difesa"
        },
        {
            "id": 105,
            "parent_id": 10,
            "label": "armi da fuoco",
            "description": null,
            "sector": null,
            "extended_label": "fabbricazione di armi e armature > armi da fuoco"
        },
        {
            "id": 106,
            "parent_id": 10,
            "label": "armi da taglio",
            "description": null,
            "sector": null,
            "extended_label": "fabbricazione di armi e armature > armi da taglio"
        },
        {
            "id": 107,
            "parent_id": 10,
            "label": "armi da tiro",
            "description": null,
            "sector": null,
            "extended_label": "fabbricazione di armi e armature > armi da tiro"
        },
        {
            "id": 108,
            "parent_id": 12,
            "label": "lavorazione a trapano",
            "description": null,
            "sector": null,
            "extended_label": "fabbricazione di corone e simili > lavorazione a trapano"
        },
        {
            "id": 109,
            "parent_id": 15,
            "label": "segatura",
            "description": null,
            "sector": null,
            "extended_label": "fabbricazione di pettini > segatura"
        },
        {
            "id": 110,
            "parent_id": 25,
            "label": "affumicatura",
            "description": null,
            "sector": null,
            "extended_label": "fabbricazione e lavorazione di oggetti in vetro > affumicatura"
        },
        {
            "id": 111,
            "parent_id": 26,
            "label": "impiallacciatura e/o intarsio",
            "description": null,
            "sector": null,
            "extended_label": "falegnameria > impiallacciatura e/o intarsio"
        },
        {
            "id": 112,
            "parent_id": 26,
            "label": "segatura",
            "description": null,
            "sector": null,
            "extended_label": "falegnameria > segatura"
        },
        {
            "id": 113,
            "parent_id": 27,
            "label": "confettura",
            "description": null,
            "sector": null,
            "extended_label": "farmacia e spezieria > confettura"
        },
        {
            "id": 114,
            "parent_id": 27,
            "label": "spezieria",
            "description": null,
            "sector": null,
            "extended_label": "farmacia e spezieria > spezieria"
        },
        {
            "id": 115,
            "parent_id": 27,
            "label": "spezieria da grosso",
            "description": null,
            "sector": null,
            "extended_label": "farmacia e spezieria > spezieria da grosso"
        },
        {
            "id": 116,
            "parent_id": 27,
            "label": "spezieria da grosso e minuto",
            "description": null,
            "sector": null,
            "extended_label": "farmacia e spezieria > spezieria da grosso e minuto"
        },
        {
            "id": 117,
            "parent_id": 27,
            "label": "spezieria da medicina",
            "description": null,
            "sector": null,
            "extended_label": "farmacia e spezieria > spezieria da medicina"
        },
        {
            "id": 118,
            "parent_id": 27,
            "label": "spezieria da minuto",
            "description": null,
            "sector": null,
            "extended_label": "farmacia e spezieria > spezieria da minuto"
        },
        {
            "id": 119,
            "parent_id": 28,
            "label": "cesellatura",
            "description": null,
            "sector": null,
            "extended_label": "intaglio, cesellatura, molatura e tornitura > cesellatura"
        },
        {
            "id": 120,
            "parent_id": 28,
            "label": "foratura",
            "description": null,
            "sector": null,
            "extended_label": "intaglio, cesellatura, molatura e tornitura > foratura"
        },
        {
            "id": 121,
            "parent_id": 28,
            "label": "intaglio",
            "description": null,
            "sector": null,
            "extended_label": "intaglio, cesellatura, molatura e tornitura > intaglio"
        },
        {
            "id": 122,
            "parent_id": 28,
            "label": "molatura",
            "description": null,
            "sector": null,
            "extended_label": "intaglio, cesellatura, molatura e tornitura > molatura"
        },
        {
            "id": 123,
            "parent_id": 28,
            "label": "tornitura",
            "description": null,
            "sector": null,
            "extended_label": "intaglio, cesellatura, molatura e tornitura > tornitura"
        },
        {
            "id": 124,
            "parent_id": 30,
            "label": "crivellatura",
            "description": null,
            "sector": null,
            "extended_label": "lavorazione di cereali > crivellatura"
        },
        {
            "id": 125,
            "parent_id": 30,
            "label": "imballaggio",
            "description": null,
            "sector": null,
            "extended_label": "lavorazione di cereali > imballaggio"
        },
        {
            "id": 126,
            "parent_id": 30,
            "label": "macinatura",
            "description": null,
            "sector": null,
            "extended_label": "lavorazione di cereali > macinatura"
        },
        {
            "id": 127,
            "parent_id": 32,
            "label": "battitura",
            "description": null,
            "sector": null,
            "extended_label": "lavorazione di metalli comuni > battitura"
        },
        {
            "id": 128,
            "parent_id": 32,
            "label": "bronzatura",
            "description": null,
            "sector": null,
            "extended_label": "lavorazione di metalli comuni > bronzatura"
        },
        {
            "id": 129,
            "parent_id": 32,
            "label": "filatura",
            "description": null,
            "sector": null,
            "extended_label": "lavorazione di metalli comuni > filatura"
        },
        {
            "id": 130,
            "parent_id": 32,
            "label": "fusione",
            "description": null,
            "sector": null,
            "extended_label": "lavorazione di metalli comuni > fusione"
        },
        {
            "id": 131,
            "parent_id": 32,
            "label": "limatura",
            "description": null,
            "sector": null,
            "extended_label": "lavorazione di metalli comuni > limatura"
        },
        {
            "id": 132,
            "parent_id": 32,
            "label": "riparazione",
            "description": null,
            "sector": null,
            "extended_label": "lavorazione di metalli comuni > riparazione"
        },
        {
            "id": 133,
            "parent_id": 33,
            "label": "macinatura",
            "description": null,
            "sector": null,
            "extended_label": "lavorazione di noce di galla > macinatura"
        },
        {
            "id": 134,
            "parent_id": 34,
            "label": "conciatura",
            "description": null,
            "sector": null,
            "extended_label": "lavorazione di pelli e cuoio > conciatura"
        },
        {
            "id": 135,
            "parent_id": 34,
            "label": "lucidatura",
            "description": null,
            "sector": null,
            "extended_label": "lavorazione di pelli e cuoio > lucidatura"
        },
        {
            "id": 136,
            "parent_id": 34,
            "label": "tintura",
            "description": null,
            "sector": null,
            "extended_label": "lavorazione di pelli e cuoio > tintura"
        },
        {
            "id": 137,
            "parent_id": 35,
            "label": "affinazione",
            "description": null,
            "sector": null,
            "extended_label": "lavorazione di pietre e metalli preziosi e bigiotteria > affinazione"
        },
        {
            "id": 138,
            "parent_id": 35,
            "label": "battitura",
            "description": null,
            "sector": null,
            "extended_label": "lavorazione di pietre e metalli preziosi e bigiotteria > battitura"
        },
        {
            "id": 139,
            "parent_id": 35,
            "label": "cesellatura",
            "description": null,
            "sector": null,
            "extended_label": "lavorazione di pietre e metalli preziosi e bigiotteria > cesellatura"
        },
        {
            "id": 140,
            "parent_id": 35,
            "label": "doratura",
            "description": null,
            "sector": null,
            "extended_label": "lavorazione di pietre e metalli preziosi e bigiotteria > doratura"
        },
        {
            "id": 141,
            "parent_id": 35,
            "label": "filatura",
            "description": null,
            "sector": null,
            "extended_label": "lavorazione di pietre e metalli preziosi e bigiotteria > filatura"
        },
        {
            "id": 142,
            "parent_id": 35,
            "label": "fusione",
            "description": null,
            "sector": null,
            "extended_label": "lavorazione di pietre e metalli preziosi e bigiotteria > fusione"
        },
        {
            "id": 143,
            "parent_id": 35,
            "label": "intaglio",
            "description": null,
            "sector": null,
            "extended_label": "lavorazione di pietre e metalli preziosi e bigiotteria > intaglio"
        },
        {
            "id": 144,
            "parent_id": 35,
            "label": "intaglio e/o incastonatura",
            "description": null,
            "sector": null,
            "extended_label": "lavorazione di pietre e metalli preziosi e bigiotteria > intaglio e/o incastonatura"
        },
        {
            "id": 145,
            "parent_id": 35,
            "label": "macinatura",
            "description": null,
            "sector": null,
            "extended_label": "lavorazione di pietre e metalli preziosi e bigiotteria > macinatura"
        },
        {
            "id": 146,
            "parent_id": 40,
            "label": "disegno",
            "description": null,
            "sector": null,
            "extended_label": "pittura, miniatura e disegno > disegno"
        },
        {
            "id": 147,
            "parent_id": 40,
            "label": "miniatura",
            "description": null,
            "sector": null,
            "extended_label": "pittura, miniatura e disegno > miniatura"
        },
        {
            "id": 148,
            "parent_id": 40,
            "label": "pittura",
            "description": null,
            "sector": null,
            "extended_label": "pittura, miniatura e disegno > pittura"
        },
        {
            "id": 149,
            "parent_id": 40,
            "label": "pittura a guazzo",
            "description": null,
            "sector": null,
            "extended_label": "pittura, miniatura e disegno > pittura a guazzo"
        },
        {
            "id": 150,
            "parent_id": 40,
            "label": "pittura su cuoio",
            "description": null,
            "sector": null,
            "extended_label": "pittura, miniatura e disegno > pittura su cuoio"
        },
        {
            "id": 151,
            "parent_id": 44,
            "label": "macinatura",
            "description": null,
            "sector": null,
            "extended_label": "produzione di colori > macinatura"
        },
        {
            "id": 152,
            "parent_id": 51,
            "label": "macinatura",
            "description": null,
            "sector": null,
            "extended_label": "produzione di terracotte, ceramiche, maioliche > macinatura"
        },
        {
            "id": 153,
            "parent_id": 54,
            "label": "cucitura",
            "description": null,
            "sector": null,
            "extended_label": "produzione e lavorazione di accessori per abbigliamento e arredamento > cucitura"
        },
        {
            "id": 154,
            "parent_id": 54,
            "label": "lavori a maglia, ricami e merletti",
            "description": null,
            "sector": null,
            "extended_label": "produzione e lavorazione di accessori per abbigliamento e arredamento > lavori a maglia, ricami e merletti"
        },
        {
            "id": 155,
            "parent_id": 54,
            "label": "passamanerie, cordelle, frange e simili",
            "description": null,
            "sector": null,
            "extended_label": "produzione e lavorazione di accessori per abbigliamento e arredamento > passamanerie, cordelle, frange e simili"
        },
        {
            "id": 156,
            "parent_id": 54,
            "label": "soppressatura",
            "description": null,
            "sector": null,
            "extended_label": "produzione e lavorazione di accessori per abbigliamento e arredamento > soppressatura"
        },
        {
            "id": 157,
            "parent_id": 55,
            "label": "distillatura",
            "description": null,
            "sector": null,
            "extended_label": "produzione e lavorazione di bevande > distillatura"
        },
        {
            "id": 158,
            "parent_id": 56,
            "label": "cucitura e rammendatura",
            "description": null,
            "sector": null,
            "extended_label": "produzione e lavorazione di capi di abbigliamento e accessori > cucitura e rammendatura"
        },
        {
            "id": 159,
            "parent_id": 56,
            "label": "lavori a maglia, ricami e merletti",
            "description": null,
            "sector": null,
            "extended_label": "produzione e lavorazione di capi di abbigliamento e accessori > lavori a maglia, ricami e merletti"
        },
        {
            "id": 160,
            "parent_id": 56,
            "label": "passamanerie, cordelle, frange e simili",
            "description": null,
            "sector": null,
            "extended_label": "produzione e lavorazione di capi di abbigliamento e accessori > passamanerie, cordelle, frange e simili"
        },
        {
            "id": 161,
            "parent_id": 56,
            "label": "sartoria",
            "description": null,
            "sector": null,
            "extended_label": "produzione e lavorazione di capi di abbigliamento e accessori > sartoria"
        },
        {
            "id": 162,
            "parent_id": 56,
            "label": "soppressatura",
            "description": null,
            "sector": null,
            "extended_label": "produzione e lavorazione di capi di abbigliamento e accessori > soppressatura"
        },
        {
            "id": 163,
            "parent_id": 56,
            "label": "tessitura",
            "description": null,
            "sector": null,
            "extended_label": "produzione e lavorazione di capi di abbigliamento e accessori > tessitura"
        },
        {
            "id": 164,
            "parent_id": 57,
            "label": "biancheggiatura",
            "description": null,
            "sector": null,
            "extended_label": "produzione e lavorazione di cera e candele > biancheggiatura"
        },
        {
            "id": 165,
            "parent_id": 58,
            "label": "friggitura",
            "description": null,
            "sector": null,
            "extended_label": "produzione e lavorazione di generi alimentari > friggitura"
        },
        {
            "id": 166,
            "parent_id": 58,
            "label": "raffinazione",
            "description": null,
            "sector": null,
            "extended_label": "produzione e lavorazione di generi alimentari > raffinazione"
        },
        {
            "id": 167,
            "parent_id": 59,
            "label": "arricciatura",
            "description": null,
            "sector": null,
            "extended_label": "produzione e lavorazione di tessuti e filati > arricciatura"
        },
        {
            "id": 168,
            "parent_id": 59,
            "label": "bagnatura",
            "description": null,
            "sector": null,
            "extended_label": "produzione e lavorazione di tessuti e filati > bagnatura"
        },
        {
            "id": 169,
            "parent_id": 59,
            "label": "battitura",
            "description": null,
            "sector": null,
            "extended_label": "produzione e lavorazione di tessuti e filati > battitura"
        },
        {
            "id": 170,
            "parent_id": 59,
            "label": "cardatura",
            "description": null,
            "sector": null,
            "extended_label": "produzione e lavorazione di tessuti e filati > cardatura"
        },
        {
            "id": 171,
            "parent_id": 59,
            "label": "cimatura",
            "description": null,
            "sector": null,
            "extended_label": "produzione e lavorazione di tessuti e filati > cimatura"
        },
        {
            "id": 172,
            "parent_id": 59,
            "label": "conciatura",
            "description": null,
            "sector": null,
            "extended_label": "produzione e lavorazione di tessuti e filati > conciatura"
        },
        {
            "id": 173,
            "parent_id": 59,
            "label": "filatura",
            "description": null,
            "sector": null,
            "extended_label": "produzione e lavorazione di tessuti e filati > filatura"
        },
        {
            "id": 174,
            "parent_id": 59,
            "label": "follatura",
            "description": null,
            "sector": null,
            "extended_label": "produzione e lavorazione di tessuti e filati > follatura"
        },
        {
            "id": 175,
            "parent_id": 59,
            "label": "incannatura, orditura e tessitura",
            "description": null,
            "sector": null,
            "extended_label": "produzione e lavorazione di tessuti e filati > incannatura, orditura e tessitura"
        },
        {
            "id": 176,
            "parent_id": 59,
            "label": "lisciatura",
            "description": null,
            "sector": null,
            "extended_label": "produzione e lavorazione di tessuti e filati > lisciatura"
        },
        {
            "id": 177,
            "parent_id": 59,
            "label": "lucidatura",
            "description": null,
            "sector": null,
            "extended_label": "produzione e lavorazione di tessuti e filati > lucidatura"
        },
        {
            "id": 178,
            "parent_id": 59,
            "label": "manganatura",
            "description": null,
            "sector": null,
            "extended_label": "produzione e lavorazione di tessuti e filati > manganatura"
        },
        {
            "id": 179,
            "parent_id": 59,
            "label": "matassatura",
            "description": null,
            "sector": null,
            "extended_label": "produzione e lavorazione di tessuti e filati > matassatura"
        },
        {
            "id": 180,
            "parent_id": 59,
            "label": "orditura",
            "description": null,
            "sector": null,
            "extended_label": "produzione e lavorazione di tessuti e filati > orditura"
        },
        {
            "id": 181,
            "parent_id": 59,
            "label": "pettinatura",
            "description": null,
            "sector": null,
            "extended_label": "produzione e lavorazione di tessuti e filati > pettinatura"
        },
        {
            "id": 182,
            "parent_id": 59,
            "label": "piegatura",
            "description": null,
            "sector": null,
            "extended_label": "produzione e lavorazione di tessuti e filati > piegatura"
        },
        {
            "id": 183,
            "parent_id": 59,
            "label": "purgatura",
            "description": null,
            "sector": null,
            "extended_label": "produzione e lavorazione di tessuti e filati > purgatura"
        },
        {
            "id": 184,
            "parent_id": 59,
            "label": "rifinitura",
            "description": null,
            "sector": null,
            "extended_label": "produzione e lavorazione di tessuti e filati > rifinitura"
        },
        {
            "id": 185,
            "parent_id": 59,
            "label": "scardassatura",
            "description": null,
            "sector": null,
            "extended_label": "produzione e lavorazione di tessuti e filati > scardassatura"
        },
        {
            "id": 186,
            "parent_id": 59,
            "label": "soppressatura",
            "description": null,
            "sector": null,
            "extended_label": "produzione e lavorazione di tessuti e filati > soppressatura"
        },
        {
            "id": 187,
            "parent_id": 59,
            "label": "tessitura",
            "description": null,
            "sector": null,
            "extended_label": "produzione e lavorazione di tessuti e filati > tessitura"
        },
        {
            "id": 188,
            "parent_id": 59,
            "label": "tintura",
            "description": null,
            "sector": null,
            "extended_label": "produzione e lavorazione di tessuti e filati > tintura"
        },
        {
            "id": 189,
            "parent_id": 59,
            "label": "tiratura",
            "description": null,
            "sector": null,
            "extended_label": "produzione e lavorazione di tessuti e filati > tiratura"
        },
        {
            "id": 190,
            "parent_id": 59,
            "label": "torcitura",
            "description": null,
            "sector": null,
            "extended_label": "produzione e lavorazione di tessuti e filati > torcitura"
        },
        {
            "id": 191,
            "parent_id": 60,
            "label": "cura del corpo",
            "description": null,
            "sector": null,
            "extended_label": "professioni della salute e cura del corpo > cura del corpo"
        },
        {
            "id": 192,
            "parent_id": 60,
            "label": "professioni della salute non svolte da medici",
            "description": null,
            "sector": null,
            "extended_label": "professioni della salute e cura del corpo > professioni della salute non svolte da medici"
        },
        {
            "id": 193,
            "parent_id": 60,
            "label": "professioni mediche",
            "description": null,
            "sector": null,
            "extended_label": "professioni della salute e cura del corpo > professioni mediche"
        },
        {
            "id": 194,
            "parent_id": 61,
            "label": "danza",
            "description": null,
            "sector": null,
            "extended_label": "professioni dello spettacolo > danza"
        },
        {
            "id": 195,
            "parent_id": 61,
            "label": "musica",
            "description": null,
            "sector": null,
            "extended_label": "professioni dello spettacolo > musica"
        },
        {
            "id": 196,
            "parent_id": 63,
            "label": "pulizia",
            "description": null,
            "sector": null,
            "extended_label": "pulizia e servizio domestico > pulizia"
        },
        {
            "id": 197,
            "parent_id": 63,
            "label": "servizio domestico",
            "description": null,
            "sector": null,
            "extended_label": "pulizia e servizio domestico > servizio domestico"
        },
        {
            "id": 198,
            "parent_id": 66,
            "label": "contabilità e amministrazione",
            "description": null,
            "sector": null,
            "extended_label": "servizi commerciali ed amministrativi > contabilità e amministrazione"
        },
        {
            "id": 199,
            "parent_id": 66,
            "label": "intermediazione e agenzia",
            "description": null,
            "sector": null,
            "extended_label": "servizi commerciali ed amministrativi > intermediazione e agenzia"
        },
        {
            "id": 200,
            "parent_id": 66,
            "label": "misurazione",
            "description": null,
            "sector": null,
            "extended_label": "servizi commerciali ed amministrativi > misurazione"
        },
        {
            "id": 201,
            "parent_id": 66,
            "label": "saggiatura",
            "description": null,
            "sector": null,
            "extended_label": "servizi commerciali ed amministrativi > saggiatura"
        },
        {
            "id": 202,
            "parent_id": 66,
            "label": "servizi bancari e assicurativi",
            "description": null,
            "sector": null,
            "extended_label": "servizi commerciali ed amministrativi > servizi bancari e assicurativi"
        },
        {
            "id": 203,
            "parent_id": 66,
            "label": "servizi tributari",
            "description": null,
            "sector": null,
            "extended_label": "servizi commerciali ed amministrativi > servizi tributari"
        },
        {
            "id": 204,
            "parent_id": 67,
            "label": "servizi tributari",
            "description": null,
            "sector": null,
            "extended_label": "servizi nella pubblica amministrazione, nelle confraternite e nelle corporazioni > servizi tributari"
        },
        {
            "id": 205,
            "parent_id": 69,
            "label": "servizi postali",
            "description": null,
            "sector": null,
            "extended_label": "trasporti e comunicazioni > servizi postali"
        },
        {
            "id": 206,
            "parent_id": 69,
            "label": "trasporto via acqua",
            "description": null,
            "sector": null,
            "extended_label": "trasporti e comunicazioni > trasporto via acqua"
        },
        {
            "id": 207,
            "parent_id": 69,
            "label": "trasporto via acqua: merci",
            "description": null,
            "sector": null,
            "extended_label": "trasporti e comunicazioni > trasporto via acqua: merci"
        },
        {
            "id": 208,
            "parent_id": 69,
            "label": "trasporto via acqua: persone",
            "description": null,
            "sector": null,
            "extended_label": "trasporti e comunicazioni > trasporto via acqua: persone"
        },
        {
            "id": 209,
            "parent_id": 69,
            "label": "trasporto via terra: merci",
            "description": null,
            "sector": null,
            "extended_label": "trasporti e comunicazioni > trasporto via terra: merci"
        },
        {
            "id": 210,
            "parent_id": 69,
            "label": "trasporto: merci",
            "description": null,
            "sector": null,
            "extended_label": "trasporti e comunicazioni > trasporto: merci"
        }
    ]
}
